{"file_hashes":[{"block_hashes":["VJS1KIYXYc6W7e9QzRxJm9qOxoWxe7hrz81XbV9cjzk=","u4jAMDC4Txmjju1Ata6A8EKOT32bx+MqKFlbrnZV1To=","Pggi0G5WSxMoOb5UG0Q2JxT1XJg6F9FCbH8t2SBJFyg=","+xsTUZdcYWK+zOqv4DGkG9oM8XaTskrJ7npa3V+67IE=","38MwdEc9dbhIVYorN0FnA5DHTaRh8OBUBrLdfhOn1EU=","huaq4bEmq32Dqy0RPh51zN1xT6+GNQW2EgSRx4eSe50=","rHX74vpz2H9hnxSqTOUreZzVoeBAUh2Xwy9g05VhlgY=","ggAoH5zxwfqZ0XFE20XlhI3ZqPEGELZshfWyGoulKSk=","iCWbBacUuscXiHASAJmZAkdFFmsDb1i9uGoicYJNfK4=","sQMJlcvcUOriRBy3cH2lo70ofR2pxWMvXbIivQJ/GzY=","Q/y/40q0YEYOTl2g4t6gcbv7I6gHdERzVMXiLvoGwlg=","8aBjn9tUmmlCB1K3RYarAi6eCaVtlpxo8f453soHLSM=","XCVJmOyKBMx3BvWTTsMPP57n9Gql+LExfpc2SfPDUwI=","s2ev3duyvcYXaLeDtDjWcFd/Nc+jrB2CKYrXP9SlohQ=","zkZ8FNqAYZQ5VImsoBjVSqCru8bVemrlcoTtjNEr5hc=","yZYUn01f16Jz+1zf3yKImdy6qnKd1R6azII8vif3Yl8=","roLlPM3eIjBylLe8k2qCXJTZMFeSTgoybetmIzWhK0o=","lEcjCCkW2UVEIqRbiZmFaFsEIOjMOQlvn3u+rPAsaHU=","rLs+DGvXpb2gDONISq0JvVakJJHk4Lcreu2Hof46uB8=","7/Wcg50Foo8qLNI1Ns+/qZc/8LQCZAsYjcu8XPFYGz0=","DeL4A0NNyxFyGWX1DbU/ZXZZuOKQGv17fX5adLJDvrY=","0XOgEoiG/QXBAsaoBfzdRugokOrR5SoiUTv5ChrIB/s=","G1yOv31WB7+YQHigvcCLk+6Zcd5mucFA1H5PHkrDmt0=","RjnEee5cXgv3ToBX3jtLHav9NItiQJNQXnIcHck1brI=","UfKkBp73NQAJ95WInn/DSVLbEwK0ax2DOcHaHqIh9H4=","tDxRcBGCLeU88MFRNNf/nq6OGPPkOOgF/8O/yGJ66UA=","ssh0Xba79PKrmmhQMYue73WjlH/4I03KM+na8f+azs0=","uySO0vRJH9ye/kdACgNDBD0128WE4yHMI/lglvPvVr4=","CwcBiODSOaJcd7pr1Tduh81eFfP7CVy9qEYVbADq9Kg=","P104hIUD9ccjm7BTk95ejLK2jyhKrdMmrYMfgEiX840=","CxV2z468uTDlUcykJZtFnk3n4Km2j0sNo1CStwumraU=","B+JoGZHCn9koVOM2IdQsoQmlz3PoqnrLX44vrhc8j6s=","TjWyAe2engF6+d+PobqEUI9m8U/hLP+R25PCFjOsN7A=","YUcN0dW2TerqVIqhAqXGf79zV0spn3e5vQiP33MajZ0=","QQlAz4T45pHlZbCjgEWhrJ+YufRtMzGRI68+4lMZxLY=","lgcv6cHBviC+cMfeLd9I9kZwwumVrjYLN4NXhz9+sMs="],"block_size":4096,"path":"build/backend.js"},{"block_hashes":["KwJXTRk+r2QXiXRPSfNuPdKUuwr7tZLje51fYXhR/Ms="],"block_size":4096,"path":"build/background.js"},{"block_hashes":["g4EwzO+SoeVRr3/TogW8+4dWYwx5ZBaerfCC2nLUm7s="],"block_size":4096,"path":"build/contentScript.js"},{"block_hashes":["rw79blPNAMnZU0M6P+sGAo2Km3YP6TUGG2GsXV+vJ9M=","wk7bOEVPq0e57WVa1u1fc/KgwfBop61t20PZq4yjYTE=","13dJIn7K5CkAjqAeiD5iKnkcFgUZtdnRu6gTKCYvT/c=","CVgc6dRnesyaVlMhogi/iuIi6BsznM3GE6OaA1nA7T8=","3sHXdumptdPx+L0QS7yKkVSOnCCoyJlArkCrFuYrbaw=","qxEPQKNRkojMMnfNuMKSX5yBewlVVDNAG6ps6vS1Ym0=","GjukoOcR71DchwZq/8yi6SPEHSmEHOZlS5itQl1HJ2M=","I1vzPueuQID2wmSl0eQuIyHee3ejN717ZuHNTI117k4=","7mUCEbnU3/P8+3oN3V1ksoz9N8YHHvTi4Y2IAIWf834=","D6N/SqjJutzZPMvhiYj6/ievN87CECfn9HLjlgyGXZg=","1MeqvbnyuBbN3u4uPV10h3R/1LqE3szqU9tlChTWCyg=","Hqx+nPVlTPmGsMRLyhvgZMPs0hpYJE1nKOUwsrG7UNU=","+pw8T1Af8vnOyV5fI8YhXWz/GNWcliPPoDwa5B/cSMo=","HioDCAmYSIaJNPuHcVwfLcSBGQp+OMmnGE2k24VaqZk=","V132mu51G0Gon/bG5wS8ZjEB9pWebfcCmyW8ibhFVtU=","AKgZ5YMKyTXzgn1foiHj0T55rRcbsUSAfAwtJ0BNID4=","cTBY81zLPu/bjc2hoZlMHthlDIYy5PyvWqZpRJ8lhWY=","CgiUQBx2R6X1Wwk0Vxwce/EUW6UYJDI7zCMUgn7ZawM=","FL+pS3iUZUJp48HLB0Jy3Q4t2x9nFDVXgZAtHtd1+Jg=","0JA9Fd4jk0ZDqXL7JlbwxOKbcs4HVMqZHszePm8Sw94=","lnSuPf1V23zrw0IfWiow+8LtpfMDrLoj6dXTLcaWCU0=","2N4XhpY7z9jfpCFKcGr1Dm8Nehmo+besxFa4oT6qil4=","OzGCmlSdUzXk+AMZD4kfOuzi8tVGgvi0HxlHSJc8b4I=","AdtVlEht/Xp8hiiA2Gm5Ia6AhmJyU3ABEU8Rsk/RiI0=","Ib4pqsggT9ZwBRKIKVeJyudxtlJzeKPRvu7KKzAZUjU=","qwW8yWdVyXNA9B9QR/V7xmKNS9t4cVbkeJiAnBhqVl8="],"block_size":4096,"path":"build/injectGlobalHook.js"},{"block_hashes":["X/2OrUf/dq455h2kihPdx2fp0o09B0u8+Kb4bkRikYs=","nUQdKN9Czrx33e+Y/dd3rqz0v31fjomVKeqr8g2aw+I=","+tw33DWZ8TDMPpqCJJP9U6taILgjNXSWJI3e8b4xRzg=","JqaH8qt0Y07W9RuhxpRoeL2V8gFwj6wU2o2jH9fz3I8=","0Wr9c1yXieL6WZ0fdC8+ODSK87viBLceqFXxZibH8CM=","eRcxxeEq9IO45l3CKZ57ipJiyDS2UuTU9aPKyP+K8Pc=","Vnsm7TD3lkFr4aaEuCX04K5B0GhK+DymjNnLiI61LEA=","54I5FS6jGF7JQT1wLTBoTpENIfldTyB2pr1oWxgqpjg=","SkgWWd72L7Ub+yQYiwpqwVVO/7JTk/MIZ5v26N4r7Xo=","sB3SOE3qWJJyVQ3YK7A7GymPumfl3ygjexLHbAO49Eg=","LZ+09JCzV0rbc7z4MOYafqeHJpZrujIReTCmHEnkwCs=","S0b+ua23eBLbqMdlKMnfx+alJ4ZwyNUoQERZT1iSkVs=","tFTBnKz+V/0HHzdepDnnl39T2NMjUL5vzGSTqHNALNY=","b+TROPnt0ZpmxrpisGarfHj+om+SRkzs6iviZP/omeM=","6tSeNONLTCbqz4GmMKAl1h5fXD+K17kXASD10hT7k74=","B1UYBHzbbGniXuctpDKYteBhbmB1nfojbdnJCFM998E=","j0GlWxg0WSxWfWFotbcDoks/IIUUH7vX/KzorCqVr0c=","r3oSGIloU1TL9AQouzSM5vbq+B1L04/t/04X3WwIlCM=","k50HochKGvCflRZygtgMS8waydQRBb3SwfCbQVKyBnk=","j/p62txpQcZEWIi6iD0inuLz/ArcLvlwdlybCXa7Igg=","2dXmXoWkM6m9YAVKB3ihtBtSpcVB/i2cF2TBRO2CD1o=","EAmUDCCBus/iNtTSoHFWiYOUoZ2TnilSxvKTu1ZFFuI=","mj/gVrgIQxCrq+2MA74/W21ncdGtT7FIIo5YigyadDM=","uIJAwsGXEFozPMt49/hmzhCMWoZSdIru3yHqJ2vc+p0=","sk9e3EP1ZaO2mnYP7QK4ZZEVP8NXjoJuTUXDnW+Ek/Q=","5ujZbE/19inWmr9wKIHSdGA6kv/RyDD12HsBakafSWk=","XfyUfoJgzxt09ri7L11G9+b70dPQsoT2u5Ym2PMJjCE=","5+S9qaS7UwXNl/aaIvMBQHONGGy5MsBtWwQwI+auvFE=","Wf79KzWHW20cQw0oe3TzYb5aHJc25+NyvighXpeZ8v4=","cqe5kq9f28O8DqByGTm4aUMhQKob0pppdjndCtfbBQI=","+1pL/23Il+Bsy+BcGUR4ptx1B1Zsxik+UxIqgH1CaF4=","Diq9WpK+DPiFFG651YIllNp5oQnPaf5VokT9fv/ckhY=","NNePpEoNU5E7zb27eMHS2/v8ujOBaVVfvD4fiYLkmzs=","ThBQ/FbQ0MnzGKhdWt8GqF01h9++7CSr4FjQQwgGVl8=","M9gbi++WQD6k7ZAs62fDxuQXpWIlhSvQFJ9K9JYx4zA=","nhEHkspAxOPd5Mx2ZNP0o55TzVkD6e1tlu2vSQwuHeY=","8a8R41hNVD/5sB4ceX78y1e5Wc7V/uBy829PQ65Xr1o=","0bYPW8jvffPCTF7sTJz4Cx9qpTC0lgGnvJP1nAFIBlg=","7OxPRQxe6k5opP8IFFDWGoLv2HzPTLFv8plmaRE9PIM=","5dGlXConG6w7EDkauOpPR0Jcxs1NRleYnQqOXTF13YI=","vdJscKqPWQmT2m1PXHEnUtbnOghgzZR+rMJt61CDvHI=","abUnHcr2Ufk0qjTst/1k7rFy8+7URhQ95hCg1MtQQa0=","WwcrLEX/upGPFlpj/huIKFL2cNZ5aUmaozReVVduVnY=","H9/oXtjDioy/LTkommnqQPG7sVQjmS14SIZs3lA9BwM=","ERa6kqGqivcmnz5ugup5KNruvDVXAzBBajkYpfJAYjU=","6kf75jXsO0fjzwrYO5qZeWwNU3M/wN56NfKJjRTLpE8=","fh4l2PobnqAhzhzZFkMF/7guwyD+W7IDIg1/uKyvYdk=","1mrGw2Cg0TX+j7p5H0fl9R1vuVQqxr8x2MQFvY5ZEvw=","zpndlvcsaPL+KaPsid36I9R0P48PcbDEksa8pjsC0C4=","Gc38mnm425FIMfjKln1/r1maOmkt1Qp73z7K8jHW2qI=","ZRByzjv81q97fe8mmFrmco3gTLszyOpX3wX9G+fuAQY=","uCYeKrYK57WsXc2WqypcCA/eljSgot00sbyyN62MZkU=","mXMLHNR+uOl1RI9sMBvxJxCKnRhbHGridWqd43pH2yY=","Dva1mO0bnDUMp8rzaShT/yuz/j/euy7F5DWGVOJKfWg=","EQkOD8cLhoa34LSvpbnFr9JnZcLT3jZDeRE+oW8u3Oo=","1+oHsHjKMkjSQWmLvGgsnlbURZ38dBRfove9x3HgQZ4=","EJt4iv3mAWK1ZCZ8wd/XQA1Uq5Dp2z3DbQFHG2nFHNU=","QXF0gz0yyN8dDwZKkXSrvqcDkv+Hng6CbXhwRo8nEBc=","sTDnpPxywzIH18S5tK1tmXSh47RaJm5wGb95PvR1JMA=","bfYt2y9VTzuwN0ABt2p7aTE4K4OhVd1BUE7YBcEv0Wg=","I5sjriecP/7DRZap11oN6T4zBPc5Z6z/dmNVKhVl5Oo=","w3NfIbonHV8MIwqAXdftF2Bcv6B5ZTFyhuzSeNgB2YE=","ZWWWXnN1pEPVauSDeuKzQivN/oa08sDcH9rFt/lheIA=","K85+IRqhGAUdzQ8wH0R1s5uevP/b7bAQOMziDRt8mnk=","8F8TxYQKg6GrQbYkECebbaA2dz9gB2wf/zCq7Qf805E=","+VfFMUEz8XzgS4vnaw27Mc4joKQNtHS18pSgTveCe0A=","ZkOCEH4GmSkchaU6Q08px4gkvW7FW4ZxURBfryQacrU=","sujPlYbNq9AqEfSHYvatlssRfcndvngp2WNFS9FdCRs=","iuhBAkmokgeOZC1dmbFZAulEfysSG+Fz6iWOhycOBCE=","juMR2RFb/7lRinsv5Fj6IZdV6EvxO8GGl04YBxRDUh0=","YvjJHCJsn9t2I7VdY7eujShZL8VEuLgN1A4tYspuvI0=","1yqlqPtXgx4bVIlIvi9wzkCiCjPFQ0xppcFB5SiQRZs=","ty8wo3YdY0ZmEPEjV7g8f1EShZ+Mv6d5LZTjKVDXXLc=","+9Lrq7VWLd46HnXTZAtgUUX6/AL6UUV3XD+8wGb0i5w=","7R1krNCvyJ7C9bKXpunbekeAvUvHoq+Mz15Yv8JqTl8=","zAYMoKo1dzBU6qNYwooBsV7SiLSqwYjamJRkACnj+E8=","FigsVoew4pqxB4+gck/rKufU/CvDBNQnyL2uPVGeA9A=","jZiBS3YD37UoY9B6W5PEkNO+8BIaJqKsdSqXK1vBFoI=","Vi+Z9P3McstV8DqgMcepxW644XHO/KvaBk3oX/bO/9o=","pHUOewE3bUxflG8QqbhAvPwgUHIZ/CJlvhqtcVciiCw=","UgGVDSB1trFJ3Ro4Rry0o6cQWiDJVpOpEEdHDAyJ2U0=","I4gpGyuSAAqtiEPr8HWgNVuVI7KUWJehAxRAU6MBFUQ=","iGUxefcNXmugw1/2sjPOqSI/ZhriIv+LaEX6zD7Ybnw=","ogsej4s5Bs5h/23A1/MacyPWwFy2IqYy7/bwIJC58KE=","0ycOXV5PspqSSAbS9hak1lf1Am2IAd1DgmkKv+MPnRg=","Hyp4NjC6N5zcBe8x7AHLQ/xiO7d1Wj4wu2YR7tjLz1A=","JD8ShaZZ7lKNICPfBlgfz3gMSWkA33s6uNtrUAcLxfY=","N1GChYVREK9p9PxU0eD/iMo+SEo5DqImw3R2d/sMs6U=","9wZ+ROaWkajKAlrJrz+5hTY/qxrEI/18KXbYvcSzxGo=","dKeXqnDvCSN393WmDzhY2KhGFKKUlVPB2bUjTdmH81I=","jIMHaAa99L8d1IdgX22pI6jU9kjo4JTczfsoYCSXARQ=","AOfIAELQaC+47QE3ofAnNugU+H27qyhsB49n1sMV1NM=","r2p0Rulj/KDdwLIg6DnZ6yDy7cZKgyEcAKFUGJneoZE=","2ybTpiP7LsZCeLHyC39sKK8IV76N9Uo9UtKrd8F0kR4=","gOUREbUINDMbZKd0TIJFUt+gbUStp0trll/xDyLk750=","MZvUJMhTBs9MZjxRoKOc3s9NZ+wc4gQmY07WmzBZ5fg=","1B065KQOYq4no3eYmxrZeFm+paqjgQXtZbZDK8sIXpo=","k6lACLbeXQ/x79/cftjHDQYl82bmnDNdbvPrBxm8eLM=","aONIRibrphkGNH7Ta161tyUnYYmkBer2TRGNo//F73I=","7/4b3Y9VvO6E+xVCKTamA5X2dwhxIDrFnVTRmJ/r9Ms=","JqETFq/1qK34y3mR1ufhnM1WTPwpIo8hPWeqtalJWMU=","2Ic/h5TBCK/FJ+PF7RQGlmKoYZ/M1ljmo4COU14RHEU=","Jh+G8qWphgfZYvdCEy20LYFyFKuy0sCV5UPm4ywvGQw=","6A4Mj1gsT8E8IfoZoGuIxsmuWBx6s7dbJ/mxk6FCoQw=","UN/MojYVjxd+JRdpDSoAPqPG2g7Scjiv3My0eCNJoDw=","fWZh2bNr6FD0uZoiQvDCTUgnlBIJOAYg3Bmyl75jigw=","nRIcbVYSpviaR4+tjK5JHnYZdkltVkmP/BaB/aFHpLc=","NcvwKSX4jQDW5rXsm56yqYTJc4s6RciGf5bfgzPn3mE=","R6F+1oF9/Ff8cLSrYMuHGFKVLe0lhh/5z5/jurMsrlU=","rkWsza4NbRhEtyPHJnuqFuku9VPa27T9SzwfDahALpM=","CCd4i0rPAGv7U1QcecjdOCbg5WKmwOEHPC/8JVcWBRM=","4WPXrowlbFXiirvbRMl83bioiZowz2UBactoovMcbqI=","SQywMQSERIdl2YkSa8jXmSJ8EmSHFgc6hxVvFcIlh0I=","WrnHlA/dJGktSaL8ksF+XkQ44BuQXWk25Llk08H2yuQ=","2EIn5OcOaw0x3qZYZO7bAFQsbxz1OehXOn9Jj13MqKA=","u7rrYO/U4HwxWMiD5aVlRMtbd9V5YjYs6QxqW1Fljdw=","TKZ6G3MPq0GbDdc0gAGZQYa3zcuvqRfq8fXL+e4S7kE=","Lj/Zto65CHsNLwT871EdpARSMc7tTk1p3yKrVx12HwE=","Edd4tRK8oVNlv4F/BQp9R/xfF8AnTDsPqWwYfa/NU0A=","qv+AJ2gf9i7POpU6w64l8H/AKNvhzrtLWE4eAwyF+1M=","wXoDRgrFum1JhtO/Vd9u8O1nG/q+Fdi/C61KvltI7Lg=","9DXJGjkxk0eBd585pAx6zAqn9mI/F+bxbGXpkxk3FqU=","vG3f1Isnp+XqO8EjKYKdcwlq7OYkxEjDrls9dwtAV30=","4TyabtcGvZ9we5Omo7/cyEuBU/niddWnqgXXwL4O3SY=","KjzVLPC9cCo1qfWV0o+rpMcnr4VPS8cJDg5OlWKVILE=","2un03cMW8JHOPZwWKZw2bqzuQK2XmFbKV0o24gdLiZA=","mqUZb4OUhCjrbB3/+/hMTXbQ5oU7h0oCCukiGapIX5A=","IYperLowhZZBBdZ+PeJZDbIc4XCBJ5w6O0aCP4UaRCE=","7OTAF3SUwjL2qxgfDe1eEKJUAFgC6U4jXjeTbQQF6+M=","6tZ1bgILgfvN2pUf2sS6xU+HGlNumbP/CUOGlIpacyo=","tshaCSBFRyJANIETFkfQ+5/LlGnsdsLotmb2ZGTliTY=","Q64johegK4Bdw01lfmsVA1FEKv4MArr4z3poFUbOcVc=","EDnCJCBEWBw4vkqPBzdAtKtlkREvNDXflmuXnt8+XtA="],"block_size":4096,"path":"build/main.js"},{"block_hashes":["XIUzrlh1Egx9JoB2MbuHvOjUPqBRwKVWS/idnovYXK4="],"block_size":4096,"path":"build/panel.js"},{"block_hashes":["9KolmVqBx3iX4btEwWf2jwG1NL6TwAjvnPuhUAho2JE=","1yjkl4lUueBMqWnbfaMPhMW8v3cQHuGGVlwzF1m0hz4=","Tj4BHEonVGs6hRt15uiW4VO6gwjrZ6vXtFqz2RFWIqg=","JhnGLPJGcYzvkbBAmLmY+cZ+cqcJpwaOJaWWTMkl8oE=","XTg4iJ8b9vOvdsw4myKRprGU+XBiuoB6+0PWKZBOlbc=","zdU4bty0t1nWKL3NhmOHMqNMS8AFIwtHNXuqlk8XUOA=","x+2l2zBwV6i6LaAUnubcPq+Nr7yv+SnX4x+WAGvmF6s=","r6v/m42liErLOz5lF7GWjhBU61w5UeTZPuSba+rzF6Y=","blZOSdxcXdrDoYtNn1hG47pNJYHROEm5BFiTTAYpe3Y=","rly07heLUbKiypXiewTuF6ZvpkdrgKGyLgjXmpQFSNI=","OtoD+lsH5Zu41H6DRrkpDLToNY4ERV9Iq6uB95lY/Ns=","fnZkeNJzZ3WzJ18/sIDAMxuLUjIsiSxUIyB1hAobwG0=","ztLc2DowzVc4Bwux/GmUP+OwMuYE9985bb9Xf1R4twk=","QrJ9/Q97gH/QypsxFf5kbOOzyX2+Usi1ejy/A1bDtXQ=","D6kBEgj5MwBgIJcyijcDLN2aDyJPEQzNdoUGpthIP+0=","2vhv8u0K2Hne9vbaOMKBsPwNjWsvw88QbI7zvYtlYOs=","/WlTbyjww0l6pjbjPhlSmIcp75LJoBqO3v4JHSeb5Bo=","F1qYnRUkEARB7xT8V3ksNrBZMuBAjTplvfnTDreY6hk=","LjcO0DdbA/bHYEE91G8pZzFEr5Pqt+X+1pN6hJ/B/9k=","xVbdy0R3WeGtOwsVFxLrcQBg3MXWNiEwYskQD0apA8w=","YesCLTLE1cjWf+RorVwhvmguFzDIvi27jwNC6kD9558=","OcGMpKsUpNS9LaPQNKTaJMTtGH9cSZrL3O/XBM+H8iM=","U8BA56hsuqzeqfm9KCZ5U6iGw7BnuhgJ8hIcwSlXWuY=","FBEjhUSMO+t/1IFJKZkajTWPD+obW5Z68Uy5I13laIg=","V8B5Jxrjr9ZlxpHli4V16xoPImLvbXUOhCgHJNBlCis="],"block_size":4096,"path":"build/renderer.js"},{"block_hashes":["0WTveHSmUeTH421fRTviI8iDjkFwqvSP/ZrygTnn9Jw=","jluXLKeIDib585A6U3L9OuR6achfXG7jkQKTaWss4Lg="],"block_size":4096,"path":"icons/128-deadcode.png"},{"block_hashes":["0WTveHSmUeTH421fRTviI8iDjkFwqvSP/ZrygTnn9Jw=","jluXLKeIDib585A6U3L9OuR6achfXG7jkQKTaWss4Lg="],"block_size":4096,"path":"icons/128-development.png"},{"block_hashes":["o48eP1/U+UzYPhyduXRBFq4ENdhDJXgIayXQZKhEQE4=","PCo9+9BpXREZrg2b1B35OB0d31pPebAj8u+mKC/kDvg="],"block_size":4096,"path":"icons/128-outdated.png"},{"block_hashes":["0WTveHSmUeTH421fRTviI8iDjkFwqvSP/ZrygTnn9Jw=","jluXLKeIDib585A6U3L9OuR6achfXG7jkQKTaWss4Lg="],"block_size":4096,"path":"icons/128-unminified.png"},{"block_hashes":["/bxiVxniBpe1DnBH1tk4CjXdajwxkP3hRnpHd5DALEI="],"block_size":4096,"path":"icons/16-deadcode.png"},{"block_hashes":["/bxiVxniBpe1DnBH1tk4CjXdajwxkP3hRnpHd5DALEI="],"block_size":4096,"path":"icons/16-development.png"},{"block_hashes":["/EWeZHyZk064lP2X/cY2GpquGBHjzCqNy3Vtsv1/5aE="],"block_size":4096,"path":"icons/16-outdated.png"},{"block_hashes":["/bxiVxniBpe1DnBH1tk4CjXdajwxkP3hRnpHd5DALEI="],"block_size":4096,"path":"icons/16-unminified.png"},{"block_hashes":["99Z6YdK/lL9iQYyMUHIpOVRSWJ6nYAD62lxRCk0/dSI="],"block_size":4096,"path":"icons/32-deadcode.png"},{"block_hashes":["99Z6YdK/lL9iQYyMUHIpOVRSWJ6nYAD62lxRCk0/dSI="],"block_size":4096,"path":"icons/32-development.png"},{"block_hashes":["BVKH+nq22PyP7Kf/eAqXx7U3S9g32F+p+lqUQ56pFl0="],"block_size":4096,"path":"icons/32-outdated.png"},{"block_hashes":["99Z6YdK/lL9iQYyMUHIpOVRSWJ6nYAD62lxRCk0/dSI="],"block_size":4096,"path":"icons/32-unminified.png"},{"block_hashes":["gGrqVraNIx7bz3IZm3t1BqopXHTTAOmwFSxzqtXhfB8="],"block_size":4096,"path":"icons/48-deadcode.png"},{"block_hashes":["gGrqVraNIx7bz3IZm3t1BqopXHTTAOmwFSxzqtXhfB8="],"block_size":4096,"path":"icons/48-development.png"},{"block_hashes":["xtV8STAVn6W52Yp9h2qtwGrGrW9x+71GE4QFg26zFoo="],"block_size":4096,"path":"icons/48-outdated.png"},{"block_hashes":["gGrqVraNIx7bz3IZm3t1BqopXHTTAOmwFSxzqtXhfB8="],"block_size":4096,"path":"icons/48-unminified.png"},{"block_hashes":["rMZnMyVDzUkQl7KB/TW9Sb9DV2jUyyq49Xl0AHJ1YxM="],"block_size":4096,"path":"icons/deadcode.svg"},{"block_hashes":["rMZnMyVDzUkQl7KB/TW9Sb9DV2jUyyq49Xl0AHJ1YxM="],"block_size":4096,"path":"icons/development.svg"},{"block_hashes":["J5MQwt/ocfP2qHXvPVz7iSLTf67rnBJ+wxKu6+HFHNM="],"block_size":4096,"path":"icons/disabled.svg"},{"block_hashes":["193k33vjSLNB1NgMqH4i+R76axGyy+UmUTSIbhZvSJI="],"block_size":4096,"path":"icons/outdated.svg"},{"block_hashes":["EPxpqHAOHG9pQKG1rXzTIfcvq/jMF1SLQGx5oTdbaP8="],"block_size":4096,"path":"icons/production.svg"},{"block_hashes":["s79DjXDmvx7mgrHVMrjhwrg4Y7IF2wbnQLDruCKhTYM="],"block_size":4096,"path":"main.html"},{"block_hashes":["IBOJOrDxkA2AFuIHOB2A2e+8h1EhWVG5FOUWpK3TIH4="],"block_size":4096,"path":"panel.html"},{"block_hashes":["tY9nebihaW1ci6Sp145Q4Lzg4domea0HN2DViOaR1wk="],"block_size":4096,"path":"popups/deadcode.html"},{"block_hashes":["TMglvEuiHNawPnQ8So63R8ZGLJEbMBysgMn2nIHHOeg="],"block_size":4096,"path":"popups/development.html"},{"block_hashes":["dkqY+sSd+Fzo9qDi/m7Z4llgCOyKEGPfTJz0Fv7pDCI="],"block_size":4096,"path":"popups/disabled.html"},{"block_hashes":["t/JRhu72t1uCSI+kb3Z2BUbjMo5PQA+eMDzW2qYU+qw="],"block_size":4096,"path":"popups/outdated.html"},{"block_hashes":["OjKcAlBNs0ff9W+0OyRXnZ3QafqG5Qte+QpSChpgqFY="],"block_size":4096,"path":"popups/production.html"},{"block_hashes":["dcS+oojv93mDSwyH2mSFzF41BjCXlTW64tYiRpSuYBA="],"block_size":4096,"path":"popups/shared.js"},{"block_hashes":["UfWEBughXP6z3U2eK1LryzJTBr2aNnuoToqTSQpvFLo="],"block_size":4096,"path":"popups/unminified.html"}],"version":2}